Workbook
Name Total_Active: 'Attrition Analysis'!$D$11
Name Total_Employees: 'Attrition Analysis'!$B$11
Name Total_Terminations: 'Attrition Analysis'!$C$11

Sheet Dashboard
A1: Company HR Analytics Dashboard | FY 2010-2023
B4: Total Employees | F4: Active Employees | J4: Terminated | N4: Avg, Attrition Rate
B5: 311 | F5: 207 | J5: 104 | N5: 0.334
A32: Key Findings
A33: Production Department | D33: The production department drives nearly 80% of overall company attrition (80 terminations out of 104 total).
A34: High-Risk Managers | D34: Amy Dunn and Kissy Sullivan run the highest team attrition rate at 62% and 55% respectively. This is nearly double company average. Review is recommended.
A35: …
A36: …
A37: …
A38: …
A39: …

Sheet Raw_data
A1: Employee_Name | B1: EmpID | C1: MarriedID | D1: MaritalStatusID | E1: GenderID | F1: EmpStatusID | G1: DeptID | H1: PerfScoreID | I1: FromDiversityJobFairID | J1: Salary | K1: Termd | L1: PositionID | M1: Position | N1: State | O1: Zip | P1: DOB | Q1: Sex | R1: MaritalDesc | S1: CitizenDesc | T1: HispanicLatino | U1: RaceDesc | V1: DateofHire | W1: DateofTermination | X1: TermReason | Y1: EmploymentStatus | Z1: Department | AA1: ManagerName | AB1: ManagerID | AC1: RecruitmentSource | AD1: PerformanceScore | AE1: EngagementSurvey | AF1: EmpSatisfaction | AG1: SpecialProjectsCount | AH1: LastPerformanceReview_Date | AI1: DaysLateLast30 | AJ1: Absences
A2: Adinolfi, Wilson K | B2: 10026 | C2: 0 | D2: 0 | E2: 1 | F2: 1 | G2: 5 | H2: 4 | I2: 0 | J2: 62506 | K2: 0 | L2: 19 | M2: Production Technician I | N2: MA | O2: 1960 | P2: 30507 | Q2: M | R2: Single | S2: US Citizen | T2: No | U2: White | V2: 40729 | X2: N/A-StillEmployed | Y2: Active | Z2: Production | AA2: Michael Albert | AB2: 22 | AC2: LinkedIn | AD2: Exceeds | AE2: 4.6 | AF2: 5 | AG2: 0 | AH2: 43482 | AI2: 0 | AJ2: 1
A3: Ait Sidi, Karthikeyan | B3: 10084 | C3: 1 | D3: 1 | E3: 1 | F3: 5 | G3: 3 | H3: 3 | I3: 0 | J3: 104437 | K3: 1 | L3: 27 | M3: Sr. DBA | N3: MA | O3: 2148 | P3: 27519 | Q3: M | R3: Married | S3: US Citizen | T3: No | U3: White | V3: 42093 | W3: 42537 | X3: career change | Y3: Voluntarily Terminated | Z3: IT/IS | AA3: Simon Roup | AB3: 4 | AC3: Indeed | AD3: Fully Meets | AE3: 4.96 | AF3: 3 | AG3: 6 | AH3: 42424 | AI3: 0 | AJ3: 17
A4: Akinkuolie, Sarah | B4: 10196 | C4: 1 | D4: 1 | E4: 0 | F4: 5 | G4: 5 | H4: 3 | I4: 0 | J4: 64955 | K4: 1 | L4: 20 | M4: Production Technician II | N4: MA | O4: 1810 | P4: 32405 | Q4: F | R4: Married | S4: US Citizen | T4: No | U4: White | V4: 40729 | W4: 41176 | X4: hours | Y4: Voluntarily Terminated | Z4: Production | AA4: Kissy Sullivan | AB4: 20 | AC4: LinkedIn | AD4: Fully Meets | AE4: 3.02 | AF4: 3 | AG4: 0 | AH4: 41044 | AI4: 0 | AJ4: 3
A5: Alagbe,Trina | B5: 10088 | C5: 1 | D5: 1 | E5: 0 | F5: 1 | G5: 5 | H5: 3 | I5: 0 | J5: 64991 | K5: 0 | L5: 19 | M5: Production Technician I | N5: MA | O5: 1886 | P5: 32413 | Q5: F | R5: Married | S5: US Citizen | T5: No | U5: White | V5: 39454 | X5: N/A-StillEmployed | Y5: Active | Z5: Production | AA5: Elijiah Gray | AB5: 16 | AC5: Indeed | AD5: Fully Meets | AE5: 4.84 | AF5: 5 | AG5: 0 | AH5: 43468 | AI5: 0 | AJ5: 15
A6: Anderson, Carol | B6: 10069 | C6: 0 | D6: 2 | E6: 0 | F6: 5 | G6: 5 | H6: 3 | I6: 0 | J6: 50825 | K6: 1 | L6: 19 | M6: Production Technician I | N6: MA | O6: 2169 | P6: 32759 | Q6: F | R6: Divorced | S6: US Citizen | T6: No | U6: White | V6: 40735 | W6: 42619 | X6: return to school | Y6: Voluntarily Terminated | Z6: Production | AA6: Webster Butler | AB6: 39 | AC6: Google Search | AD6: Fully Meets | AE6: 5 | AF6: 4 | AG6: 0 | AH6: 42401 | AI6: 0 | AJ6: 2
A7: Anderson, Linda | B7: 10002 | C7: 0 | D7: 0 | E7: 0 | F7: 1 | G7: 5 | H7: 4 | I7: 0 | J7: 57568 | K7: 0 | L7: 19 | M7: Production Technician I | N7: MA | O7: 1844 | P7: 28267 | Q7: F | R7: Single | S7: US Citizen | T7: No | U7: White | V7: 40917 | X7: N/A-StillEmployed | Y7: Active | Z7: Production | AA7: Amy Dunn | AB7: 11 | AC7: LinkedIn | AD7: Exceeds | AE7: 5 | AF7: 5 | AG7: 0 | AH7: 43472 | AI7: 0 | AJ7: 15
A8: Andreola, Colby | B8: 10194 | C8: 0 | D8: 0 | E8: 0 | F8: 1 | G8: 4 | H8: 3 | I8: 0 | J8: 95660 | K8: 0 | L8: 24 | M8: Software Engineer | N8: MA | O8: 2110 | P8: 28999 | Q8: F | R8: Single | S8: US Citizen | T8: No | U8: White | V8: 41953 | X8: N/A-StillEmployed | Y8: Active | Z8: Software Engineering | AA8: Alex Sweetwater | AB8: 10 | AC8: LinkedIn | AD8: Fully Meets | AE8: 3.04 | AF8: 3 | AG8: 4 | AH8: 43467 | AI8: 0 | AJ8: 19
A9: Athwal, Sam | B9: 10062 | C9: 0 | D9: 4 | E9: 1 | F9: 1 | G9: 5 | H9: 3 | I9: 0 | J9: 59365 | K9: 0 | L9: 19 | M9: Production Technician I | N9: MA | O9: 2199 | P9: 30365 | Q9: M | R9: Widowed | S9: US Citizen | T9: No | U9: White | V9: 41547 | X9: N/A-StillEmployed | Y9: Active | Z9: Production | AA9: Ketsia Liebig | AB9: 19 | AC9: Employee Referral | AD9: Fully Meets | AE9: 5 | AF9: 4 | AG9: 0 | AH9: 43521 | AI9: 0 | AJ9: 19
A10: Bachiochi, Linda | B10: 10114 | C10: 0 | D10: 0 | E10: 0 | F10: 3 | G10: 5 | H10: 3 | I10: 1 | J10: 47837 | K10: 0 | L10: 19 | M10: Production Technician I | N10: MA | O10: 1902 | P10: 25610 | Q10: F | R10: Single | S10: US Citizen | T10: No | U10: Black or African American | V10: 40000 | X10: N/A-StillEmployed | Y10: Active | Z10: Production | AA10: Brannon Miller | AB10: 12 | AC10: Diversity Job Fair | AD10: Fully Meets | AE10: 4.46 | AF10: 3 | AG10: 0 | AH10: 43490 | AI10: 0 | AJ10: 4
A11: Bacong, Alejandro | B11: 10250 | C11: 0 | D11: 2 | E11: 1 | F11: 1 | G11: 3 | H11: 3 | I11: 0 | J11: 50178 | K11: 0 | L11: 14 | M11: IT Support | N11: MA | O11: 1886 | P11: 32149 | Q11: M | R11: Divorced | S11: US Citizen | T11: No | U11: White | V11: 42009 | X11: N/A-StillEmployed | Y11: Active | Z11: IT/IS | AA11: Peter Monroe | AB11: 7 | AC11: Indeed | AD11: Fully Meets | AE11: 5 | AF11: 5 | AG11: 6 | AH11: 43514 | AI11: 0 | AJ11: 16
A12: Baczenski, Rachael | B12: 10252 | C12: 1 | D12: 1 | E12: 0 | F12: 5 | G12: 5 | H12: 3 | I12: 1 | J12: 54670 | K12: 1 | L12: 19 | M12: Production Technician I | N12: MA | O12: 1902 | P12: 27041 | Q12: F | R12: Married | S12: US Citizen | T12: Yes | U12: Black or African American | V12: 40553 | W12: 42747 | X12: Another position | Y12: Voluntarily Terminated | Z12: Production | AA12: David Stanley | AB12: 14 | AC12: Diversity Job Fair | AD12: Fully Meets | AE12: 4.2 | AF12: 4 | AG12: 0 | AH12: 42399 | AI12: 0 | AJ12: 12
A13: Barbara, Thomas | B13: 10242 | C13: 1 | D13: 1 | E13: 1 | F13: 5 | G13: 5 | H13: 3 | I13: 1 | J13: 47211 | K13: 1 | L13: 19 | M13: Production Technician I | N13: MA | O13: 2062 | P13: 27081 | Q13: M | R13: Married | S13: US Citizen | T13: Yes | U13: Black or African American | V13: 41001 | W13: 42632 | X13: unhappy | Y13: Voluntarily Terminated | Z13: Production | AA13: Kissy Sullivan | AB13: 20 | AC13: Diversity Job Fair | AD13: Fully Meets | AE13: 4.2 | AF13: 3 | AG13: 0 | AH13: 42496 | AI13: 0 | AJ13: 15
A14: Barbossa, Hector | B14: 10012 | C14: 0 | D14: 2 | E14: 1 | F14: 1 | G14: 3 | H14: 4 | I14: 1 | J14: 92328 | K14: 0 | L14: 9 | M14: Data Analyst | N14: TX | O14: 78230 | P14: 32328 | Q14: M | R14: Divorced | S14: US Citizen | T14: No | U14: Black or African American | V14: 41953 | X14: N/A-StillEmployed | Y14: Active | Z14: IT/IS | AA14: Simon Roup | AB14: 4 | AC14: Diversity Job Fair | AD14: Exceeds | AE14: 4.28 | AF14: 4 | AG14: 5 | AH14: 43521 | AI14: 0 | AJ14: 9
A15: Barone, Francesco A | B15: 10265 | C15: 0 | D15: 0 | E15: 1 | F15: 1 | G15: 5 | H15: 3 | I15: 0 | J15: 58709 | K15: 0 | L15: 19 | M15: Production Technician I | N15: MA | O15: 1810 | P15: 30517 | Q15: M | R15: Single | S15: US Citizen | T15: No | U15: Two or more races | V15: 40959 | X15: N/A-StillEmployed | Y15: Active | Z15: Production | AA15: Kelley Spirea | AB15: 18 | AC15: Google Search | AD15: Fully Meets | AE15: 4.6 | AF15: 4 | AG15: 0 | AH15: 43510 | AI15: 0 | AJ15: 7
A16: Barton, Nader | B16: 10066 | C16: 0 | D16: 2 | E16: 1 | F16: 5 | G16: 5 | H16: 3 | I16: 0 | J16: 52505 | K16: 1 | L16: 19 | M16: Production Technician I | N16: MA | O16: 2747 | P16: 28321 | Q16: M | R16: Divorced | S16: US Citizen | T16: No | U16: White | V16: 41176 | W16: 42831 | X16: Another position | Y16: Voluntarily Terminated | Z16: Production | AA16: Michael Albert | AB16: 22 | AC16: On-line Web application | AD16: Fully Meets | AE16: 5 | AF16: 5 | AG16: 0 | AH16: 42796 | AI16: 0 | AJ16: 1
A17: Bates, Norman | B17: 10061 | C17: 0 | D17: 0 | E17: 1 | F17: 4 | G17: 5 | H17: 3 | I17: 0 | J17: 57834 | K17: 1 | L17: 19 | M17: Production Technician I | N17: MA | O17: 2050 | P17: 29877 | Q17: M | R17: Single | S17: US Citizen | T17: No | U17: White | V17: 40595 | W17: 42951 | X17: attendance | Y17: Terminated for Cause | Z17: Production | AA17: Kelley Spirea | AB17: 18 | AC17: Google Search | AD17: Fully Meets | AE17: 5 | AF17: 4 | AG17: 0 | AH17: 42830 | AI17: 0 | AJ17: 20
A18: Beak, Kimberly | B18: 10023 | C18: 1 | D18: 1 | E18: 0 | F18: 2 | G18: 5 | H18: 4 | I18: 0 | J18: 70131 | K18: 0 | L18: 20 | M18: Production Technician II | N18: MA | O18: 2145 | P18: 24214 | Q18: F | R18: Married | S18: US Citizen | T18: No | U18: White | V18: 42572 | X18: N/A-StillEmployed | Y18: Active | Z18: Production | AA18: Kelley Spirea | AB18: 18 | AC18: Employee Referral | AD18: Exceeds | AE18: 4.4 | AF18: 3 | AG18: 0 | AH18: 43479 | AI18: 0 | AJ18: 16
A19: Beatrice, Courtney | B19: 10055 | C19: 0 | D19: 0 | E19: 0 | F19: 1 | G19: 5 | H19: 3 | I19: 0 | J19: 59026 | K19: 0 | L19: 19 | M19: Production Technician I | N19: MA | O19: 1915 | P19: 25868 | Q19: F | R19: Single | S19: Eligible NonCitizen | T19: No | U19: White | V19: 40637 | X19: N/A-StillEmployed | Y19: Active | Z19: Production | AA19: Elijiah Gray | AB19: 16 | AC19: Google Search | AD19: Fully Meets | AE19: 5 | AF19: 5 | AG19: 0 | AH19: 43479 | AI19: 0 | AJ19: 12
A20: Becker, Renee | B20: 10245 | C20: 0 | D20: 0 | E20: 0 | F20: 4 | G20: 3 | H20: 3 | I20: 0 | J20: 110000 | K20: 1 | L20: 8 | M20: Database Administrator | N20: MA | O20: 2026 | P20: 31506 | Q20: F | R20: Single | S20: US Citizen | T20: Yes | U20: White | V20: 41827 | W20: 42259 | X20: performance | Y20: Terminated for Cause | Z20: IT/IS | AA20: Simon Roup | AB20: 4 | AC20: Google Search | AD20: Fully Meets | AE20: 4.5 | AF20: 4 | AG20: 5 | AH20: 42019 | AI20: 0 | AJ20: 8
A21: Becker, Scott | B21: 10277 | C21: 0 | D21: 0 | E21: 1 | F21: 3 | G21: 5 | H21: 3 | I21: 0 | J21: 53250 | K21: 0 | L21: 19 | M21: Production Technician I | N21: MA | O21: 2452 | P21: 28951 | Q21: M | R21: Single | S21: US Citizen | T21: No | U21: Asian | V21: 41463 | X21: N/A-StillEmployed | Y21: Active | Z21: Production | AA21: Webster Butler | AC21: LinkedIn | AD21: Fully Meets | AE21: 4.2 | AF21: 4 | AG21: 0 | AH21: 43476 | AI21: 0 | AJ21: 13
A22: Bernstein, Sean | B22: 10046 | C22: 0 | D22: 0 | E22: 1 | F22: 1 | G22: 5 | H22: 3 | I22: 0 | J22: 51044 | K22: 0 | L22: 19 | M22: Production Technician I | N22: MA | O22: 2072 | P22: 25924 | Q22: M | R22: Single | S22: US Citizen | T22: Yes | U22: White | V22: 41001 | X22: N/A-StillEmployed | Y22: Active | Z22: Production | AA22: Amy Dunn | AB22: 11 | AC22: Google Search | AD22: Fully Meets | AE22: 5 | AF22: 3 | AG22: 0 | AH22: 43479 | AI22: 0 | AJ22: 13
A23: Biden, Lowan M | B23: 10226 | C23: 0 | D23: 2 | E23: 0 | F23: 1 | G23: 5 | H23: 3 | I23: 0 | J23: 64919 | K23: 0 | L23: 19 | M23: Production Technician I | N23: MA | O23: 2027 | P23: 21546 | Q23: F | R23: Divorced | S23: US Citizen | T23: No | U23: Asian | V23: 41505 | X23: N/A-StillEmployed | Y23: Active | Z23: Production | AA23: Ketsia Liebig | AB23: 19 | AC23: Indeed | AD23: Fully Meets | AE23: 4.2 | AF23: 3 | AG23: 0 | AH23: 43475 | AI23: 0 | AJ23: 2
A24: Billis, Helen | B24: 10003 | C24: 1 | D24: 1 | E24: 0 | F24: 1 | G24: 5 | H24: 4 | I24: 0 | J24: 62910 | K24: 0 | L24: 19 | M24: Production Technician I | N24: MA | O24: 2031 | P24: 32752 | Q24: F | R24: Married | S24: US Citizen | T24: No | U24: White | V24: 41827 | X24: N/A-StillEmployed | Y24: Active | Z24: Production | AA24: Brannon Miller | AB24: 12 | AC24: Indeed | AD24: Exceeds | AE24: 5 | AF24: 3 | AG24: 0 | AH24: 43523 | AI24: 0 | AJ24: 19
A25: Blount, Dianna | B25: 10294 | C25: 0 | D25: 0 | E25: 0 | F25: 1 | G25: 5 | H25: 2 | I25: 0 | J25: 66441 | K25: 0 | L25: 20 | M25: Production Technician II | N25: MA | O25: 2171 | P25: 33137 | Q25: F | R25: Single | S25: US Citizen | T25: No | U25: White | V25: 40637 | X25: N/A-StillEmployed | Y25: Active | Z25: Production | AA25: Michael Albert | AB25: 22 | AC25: CareerBuilder | AD25: Needs Improvement | AE25: 2 | AF25: 3 | AG25: 0 | AH25: 43523 | AI25: 2 | AJ25: 3
A26: Bondwell, Betsy | B26: 10267 | C26: 0 | D26: 0 | E26: 0 | F26: 5 | G26: 5 | H26: 3 | I26: 0 | J26: 57815 | K26: 1 | L26: 20 | M26: Production Technician II | N26: MA | O26: 2210 | P26: 24488 | Q26: F | R26: Single | S26: US Citizen | T26: No | U26: White | V26: 40553 | W26: 41733 | X26: career change | Y26: Voluntarily Terminated | Z26: Production | AA26: Elijiah Gray | AB26: 16 | AC26: Google Search | AD26: Fully Meets | AE26: 4.8 | AF26: 5 | AG26: 0 | AH26: 41702 | AI26: 0 | AJ26: 5
A27: Booth, Frank | B27: 10199 | C27: 0 | D27: 0 | E27: 1 | F27: 4 | G27: 3 | H27: 3 | I27: 0 | J27: 103613 | K27: 1 | L27: 30 | M27: Enterprise Architect | N27: CT | O27: 6033 | P27: 23588 | Q27: M | R27: Single | S27: US Citizen | T27: No | U27: Black or African American | V27: 41687 | W27: 42419 | X27: Learned that he is a gangster | Y27: Terminated for Cause | Z27: IT/IS | AA27: Simon Roup | AB27: 4 | AC27: LinkedIn | AD27: Fully Meets | AE27: 3.5 | AF27: 5 | AG27: 7 | AH27: 42379 | AI27: 0 | AJ27: 2
A28: Boutwell, Bonalyn | B28: 10081 | C28: 1 | D28: 1 | E28: 0 | F28: 1 | G28: 1 | H28: 3 | I28: 1 | J28: 106367 | K28: 0 | L28: 26 | M28: Sr. Accountant | N28: MA | O28: 2468 | P28: 31871 | Q28: F | R28: Married | S28: US Citizen | T28: No | U28: Black or African American | V28: 42051 | X28: N/A-StillEmployed | Y28: Active | Z28: Admin Offices | AA28: Brandon R. LeBlanc | AB28: 3 | AC28: Diversity Job Fair | AD28: Fully Meets | AE28: 5 | AF28: 4 | AG28: 3 | AH28: 43514 | AI28: 0 | AJ28: 4
A29: Bozzi, Charles | B29: 10175 | C29: 0 | D29: 0 | E29: 1 | F29: 5 | G29: 5 | H29: 3 | I29: 0 | J29: 74312 | K29: 1 | L29: 18 | M29: Production Manager | N29: MA | O29: 1901 | P29: 25637 | Q29: M | R29: Single | S29: US Citizen | T29: No | U29: Asian | V29: 41547 | W29: 41858 | X29: retiring | Y29: Voluntarily Terminated | Z29: Production | AA29: Janet King | AB29: 2 | AC29: Indeed | AD29: Fully Meets | AE29: 3.39 | AF29: 3 | AG29: 0 | AH29: 41690 | AI29: 0 | AJ29: 14
A30: Brill, Donna | B30: 10177 | C30: 1 | D30: 1 | E30: 0 | F30: 5 | G30: 5 | H30: 3 | I30: 0 | J30: 53492 | K30: 1 | L30: 19 | M30: Production Technician I | N30: MA | O30: 1701 | P30: 33109 | Q30: F | R30: Married | S30: US Citizen | T30: No | U30: White | V30: 41001 | W30: 41440 | X30: Another position | Y30: Voluntarily Terminated | Z30: Production | AA30: David Stanley | AB30: 14 | AC30: Google Search | AD30: Fully Meets | AE30: 3.35 | AF30: 4 | AG30: 0 | AH30: 41337 | AI30: 0 | AJ30: 6
A31: Brown, Mia | B31: 10238 | C31: 1 | D31: 1 | E31: 0 | F31: 1 | G31: 1 | H31: 3 | I31: 1 | J31: 63000 | K31: 0 | L31: 1 | M31: Accountant I | N31: MA | O31: 1450 | P31: 32105 | Q31: F | R31: Married | S31: US Citizen | T31: No | U31: Black or African American | V31: 39748 | X31: N/A-StillEmployed | Y31: Active | Z31: Admin Offices | AA31: Brandon R. LeBlanc | AB31: 1 | AC31: Diversity Job Fair | AD31: Fully Meets | AE31: 4.5 | AF31: 2 | AG31: 6 | AH31: 43480 | AI31: 0 | AJ31: 14
A32: Buccheri, Joseph | B32: 10184 | C32: 0 | D32: 0 | E32: 1 | F32: 1 | G32: 5 | H32: 3 | I32: 0 | J32: 65288 | K32: 0 | L32: 20 | M32: Production Technician II | N32: MA | O32: 1013 | P32: 30525 | Q32: M | R32: Single | S32: US Citizen | T32: No | U32: White | V32: 41911 | X32: N/A-StillEmployed | Y32: Active | Z32: Production | AA32: Webster Butler | AC32: Google Search | AD32: Fully Meets | AE32: 3.19 | AF32: 3 | AG32: 0 | AH32: 43497 | AI32: 0 | AJ32: 9
A33: Bugali, Josephine | B33: 10203 | C33: 0 | D33: 3 | E33: 0 | F33: 3 | G33: 5 | H33: 3 | I33: 1 | J33: 64375 | K33: 0 | L33: 19 | M33: Production Technician I | N33: MA | O33: 2043 | P33: 25506 | Q33: F | R33: Separated | S33: US Citizen | T33: No | U33: Black or African American | V33: 41589 | X33: N/A-StillEmployed | Y33: Active | Z33: Production | AA33: Kissy Sullivan | AB33: 20 | AC33: Diversity Job Fair | AD33: Fully Meets | AE33: 3.5 | AF33: 5 | AG33: 0 | AH33: 43486 | AI33: 0 | AJ33: 17
A34: Bunbury, Jessica | B34: 10188 | C34: 1 | D34: 1 | E34: 0 | F34: 5 | G34: 6 | H34: 3 | I34: 0 | J34: 74326 | K34: 1 | L34: 3 | M34: Area Sales Manager | N34: VA | O34: 21851 | P34: 23529 | Q34: F | R34: Married | S34: Eligible NonCitizen | T34: No | U34: Black or African American | V34: 40770 | W34: 41853 | X34: Another position | Y34: Voluntarily Terminated | Z34: Sales | AA34: John Smith | AB34: 17 | AC34: Google Search | AD34: Fully Meets | AE34: 3.14 | AF34: 5 | AG34: 0 | AH34: 41315 | AI34: 1 | AJ34: 19
A35: Burke, Joelle | B35: 10107 | C35: 0 | D35: 0 | E35: 0 | F35: 1 | G35: 5 | H35: 3 | I35: 0 | J35: 63763 | K35: 0 | L35: 20 | M35: Production Technician II | N35: MA | O35: 2148 | P35: 29282 | Q35: F | R35: Single | S35: US Citizen | T35: No | U35: Black or African American | V35: 40973 | X35: N/A-StillEmployed | Y35: Active | Z35: Production | AA35: Amy Dunn | AB35: 11 | AC35: Employee Referral | AD35: Fully Meets | AE35: 4.51 | AF35: 4 | AG35: 0 | AH35: 43517 | AI35: 0 | AJ35: 3
A36: Burkett, Benjamin | B36: 10181 | C36: 1 | D36: 1 | E36: 1 | F36: 1 | G36: 5 | H36: 3 | I36: 0 | J36: 62162 | K36: 0 | L36: 20 | M36: Production Technician II | N36: MA | O36: 1890 | P36: 28356 | Q36: M | R36: Married | S36: US Citizen | T36: No | U36: White | V36: 40637 | X36: N/A-StillEmployed | Y36: Active | Z36: Production | AA36: Ketsia Liebig | AB36: 19 | AC36: Indeed | AD36: Fully Meets | AE36: 3.25 | AF36: 5 | AG36: 0 | AH36: 43479 | AI36: 0 | AJ36: 15
A37: Cady, Max | B37: 10150 | C37: 0 | D37: 0 | E37: 1 | F37: 1 | G37: 4 | H37: 3 | I37: 0 | J37: 77692 | K37: 0 | L37: 25 | M37: Software Engineering Manager | N37: MA | O37: 2184 | P37: 24433 | Q37: M | R37: Single | S37: US Citizen | T37: No | U37: White | V37: 40770 | X37: N/A-StillEmployed | Y37: Active | Z37: Software Engineering | AA37: Jennifer Zamora | AB37: 5 | AC37: Google Search | AD37: Fully Meets | AE37: 3.84 | AF37: 3 | AG37: 5 | AH37: 43486 | AI37: 0 | AJ37: 4
A38: Candie, Calvin | B38: 10001 | C38: 0 | D38: 0 | E38: 1 | F38: 1 | G38: 5 | H38: 4 | I38: 0 | J38: 72640 | K38: 0 | L38: 18 | M38: Production Manager | N38: MA | O38: 2169 | P38: 30537 | Q38: M | R38: Single | S38: US Citizen | T38: No | U38: White | V38: 42397 | X38: N/A-StillEmployed | Y38: Active | Z38: Production | AA38: Janet King | AB38: 2 | AC38: Indeed | AD38: Exceeds | AE38: 5 | AF38: 3 | AG38: 0 | AH38: 43518 | AI38: 0 | AJ38: 14
A39: Carabbio, Judith | B39: 10085 | C39: 0 | D39: 0 | E39: 0 | F39: 1 | G39: 4 | H39: 3 | I39: 0 | J39: 93396 | K39: 0 | L39: 24 | M39: Software Engineer | N39: MA | O39: 2132 | P39: 31872 | Q39: F | R39: Single | S39: US Citizen | T39: No | U39: White | V39: 41589 | X39: N/A-StillEmployed | Y39: Active | Z39: Software Engineering | AA39: Alex Sweetwater | AB39: 10 | AC39: Indeed | AD39: Fully Meets | AE39: 4.96 | AF39: 4 | AG39: 6 | AH39: 43495 | AI39: 0 | AJ39: 3
A40: Carey, Michael | B40: 10115 | C40: 0 | D40: 0 | E40: 1 | F40: 1 | G40: 5 | H40: 3 | I40: 0 | J40: 52846 | K40: 0 | L40: 19 | M40: Production Technician I | N40: MA | O40: 1701 | P40: 30349 | Q40: M | R40: Single | S40: US Citizen | T40: No | U40: Black or African American | V40: 41729 | X40: N/A-StillEmployed | Y40: Active | Z40: Production | AA40: Kelley Spirea | AB40: 18 | AC40: LinkedIn | AD40: Fully Meets | AE40: 4.43 | AF40: 3 | AG40: 0 | AH40: 43497 | AI40: 0 | AJ40: 14
A41: Carr, Claudia N | B41: 10082 | C41: 0 | D41: 0 | E41: 0 | F41: 2 | G41: 3 | H41: 3 | I41: 0 | J41: 100031 | K41: 0 | L41: 27 | M41: Sr. DBA | N41: MA | O41: 1886 | P41: 31569 | Q41: F | R41: Single | S41: US Citizen | T41: No | U41: Black or African American | V41: 42551 | X41: N/A-StillEmployed | Y41: Active | Z41: IT/IS | AA41: Simon Roup | AB41: 4 | AC41: LinkedIn | AD41: Fully Meets | AE41: 5 | AF41: 5 | AG41: 6 | AH41: 43514 | AI41: 0 | AJ41: 7
A42: Carter, Michelle | B42: 10040 | C42: 0 | D42: 0 | E42: 0 | F42: 1 | G42: 6 | H42: 3 | I42: 0 | J42: 71860 | K42: 0 | L42: 3 | M42: Area Sales Manager | N42: VT | O42: 5664 | P42: 23146 | Q42: F | R42: Single | S42: US Citizen | T42: No | U42: White | V42: 41869 | X42: N/A-StillEmployed | Y42: Active | Z42: Sales | AA42: John Smith | AB42: 17 | AC42: Indeed | AD42: Fully Meets | AE42: 5 | AF42: 5 | AG42: 0 | AH42: 43486 | AI42: 0 | AJ42: 7
A43: Chace, Beatrice | B43: 10067 | C43: 0 | D43: 0 | E43: 0 | F43: 1 | G43: 5 | H43: 3 | I43: 0 | J43: 61656 | K43: 0 | L43: 19 | M43: Production Technician I | N43: MA | O43: 2763 | P43: 18630 | Q43: F | R43: Single | S43: US Citizen | T43: No | U43: White | V43: 41911 | X43: N/A-StillEmployed | Y43: Active | Z43: Production | AA43: Michael Albert | AB43: 22 | AC43: Google Search | AD43: Fully Meets | AE43: 5 | AF43: 4 | AG43: 0 | AH43: 43508 | AI43: 0 | AJ43: 11
A44: Champaigne, Brian | B44: 10108 | C44: 1 | D44: 1 | E44: 1 | F44: 1 | G44: 3 | H44: 3 | I44: 0 | J44: 110929 | K44: 0 | L44: 5 | M44: BI Director | N44: MA | O44: 2045 | P44: 26338 | Q44: M | R44: Married | S44: US Citizen | T44: No | U44: White | V44: 42619 | X44: N/A-StillEmployed | Y44: Active | Z44: IT/IS | AA44: Jennifer Zamora | AB44: 5 | AC44: Indeed | AD44: Fully Meets | AE44: 4.5 | AF44: 5 | AG44: 7 | AH44: 43480 | AI44: 0 | AJ44: 8
A45: Chan, Lin | B45: 10210 | C45: 0 | D45: 0 | E45: 0 | F45: 1 | G45: 5 | H45: 3 | I45: 0 | J45: 54237 | K45: 0 | L45: 19 | M45: Production Technician I | N45: MA | O45: 2170 | P45: 28898 | Q45: F | R45: Single | S45: US Citizen | T45: No | U45: White | V45: 41771 | X45: N/A-StillEmployed | Y45: Active | Z45: Production | AA45: Elijiah Gray | AB45: 16 | AC45: Indeed | AD45: Fully Meets | AE45: 3.3 | AF45: 4 | AG45: 0 | AH45: 43515 | AI45: 0 | AJ45: 11
A46: Chang, Donovan E | B46: 10154 | C46: 0 | D46: 0 | E46: 1 | F46: 1 | G46: 5 | H46: 3 | I46: 0 | J46: 60380 | K46: 0 | L46: 19 | M46: Production Technician I | N46: MA | O46: 1845 | P46: 30552 | Q46: M | R46: Single | S46: US Citizen | T46: No | U46: White | V46: 41463 | X46: N/A-StillEmployed | Y46: Active | Z46: Production | AA46: Webster Butler | AC46: LinkedIn | AD46: Fully Meets | AE46: 3.8 | AF46: 5 | AG46: 0 | AH46: 43479 | AI46: 0 | AJ46: 4
A47: Chigurh, Anton | B47: 10200 | C47: 0 | D47: 0 | E47: 1 | F47: 1 | G47: 6 | H47: 3 | I47: 0 | J47: 66808 | K47: 0 | L47: 3 | M47: Area Sales Manager | N47: TX | O47: 78207 | P47: 25730 | Q47: M | R47: Single | S47: Eligible NonCitizen | T47: No | U47: Black or African American | V47: 41043 | X47: N/A-StillEmployed | Y47: Active | Z47: Sales | AA47: Lynn Daneault | AB47: 21 | AC47: Employee Referral | AD47: Fully Meets | AE47: 3 | AF47: 5 | AG47: 0 | AH47: 43484 | AI47: 0 | AJ47: 17
A48: Chivukula, Enola | B48: 10240 | C48: 0 | D48: 0 | E48: 0 | F48: 5 | G48: 5 | H48: 3 | I48: 0 | J48: 64786 | K48: 1 | L48: 19 | M48: Production Technician I | N48: MA | O48: 1775 | P48: 30555 | Q48: F | R48: Single | S48: US Citizen | T48: No | U48: White | V48: 40721 | W48: 42323 | X48: relocation out of area | Y48: Voluntarily Terminated | Z48: Production | AA48: Amy Dunn | AB48: 11 | AC48: Indeed | AD48: Fully Meets | AE48: 4.3 | AF48: 4 | AG48: 0 | AH48: 42073 | AI48: 0 | AJ48: 3
A49: Cierpiszewski, Caroline | B49: 10168 | C49: 0 | D49: 0 | E49: 0 | F49: 1 | G49: 5 | H49: 3 | I49: 0 | J49: 64816 | K49: 0 | L49: 19 | M49: Production Technician I | N49: MA | O49: 2044 | P49: 32294 | Q49: F | R49: Single | S49: Non-Citizen | T49: No | U49: Black or African American | V49: 40819 | X49: N/A-StillEmployed | Y49: Active | Z49: Production | AA49: Ketsia Liebig | AB49: 19 | AC49: Indeed | AD49: Fully Meets | AE49: 3.58 | AF49: 5 | AG49: 0 | AH49: 43495 | AI49: 0 | AJ49: 3
A50: Clayton, Rick | B50: 10220 | C50: 0 | D50: 0 | E50: 1 | F50: 1 | G50: 3 | H50: 3 | I50: 0 | J50: 68678 | K50: 0 | L50: 14 | M50: IT Support | N50: MA | O50: 2170 | P50: 31295 | Q50: M | R50: Single | S50: US Citizen | T50: No | U50: White | V50: 41157 | X50: N/A-StillEmployed | Y50: Active | Z50: IT/IS | AA50: Eric Dougall | AB50: 6 | AC50: Indeed | AD50: Fully Meets | AE50: 4.7 | AF50: 3 | AG50: 6 | AH50: 43523 | AI50: 0 | AJ50: 2
A51: Cloninger, Jennifer | B51: 10275 | C51: 1 | D51: 1 | E51: 0 | F51: 5 | G51: 5 | H51: 3 | I51: 0 | J51: 64066 | K51: 1 | L51: 20 | M51: Production Technician II | N51: MA | O51: 1752 | P51: 29829 | Q51: F | R51: Married | S51: US Citizen | T51: No | U51: White | V51: 40679 | W51: 41281 | X51: unhappy | Y51: Voluntarily Terminated | Z51: Production | AA51: Brannon Miller | AB51: 12 | AC51: Google Search | AD51: Fully Meets | AE51: 4.2 | AF51: 5 | AG51: 0 | AH51: 41032 | AI51: 0 | AJ51: 9
A52: Close, Phil | B52: 10269 | C52: 1 | D52: 1 | E52: 1 | F52: 5 | G52: 5 | H52: 3 | I52: 0 | J52: 59369 | K52: 1 | L52: 20 | M52: Production Technician II | N52: MA | O52: 2169 | P52: 28819 | Q52: M | R52: Married | S52: US Citizen | T52: No | U52: White | V52: 40420 | W52: 40812 | X52: career change | Y52: Voluntarily Terminated | Z52: Production | AA52: David Stanley | AB52: 14 | AC52: Indeed | AD52: Fully Meets | AE52: 4.2 | AF52: 4 | AG52: 0 | AH52: 40667 | AI52: 0 | AJ52: 6
A53: Clukey, Elijian | B53: 10029 | C53: 1 | D53: 1 | E53: 1 | F53: 2 | G53: 5 | H53: 4 | I53: 0 | J53: 50373 | K53: 0 | L53: 19 | M53: Production Technician I | N53: MA | O53: 2134 | P53: 29459 | Q53: M | R53: Married | S53: US Citizen | T53: No | U53: White | V53: 42557 | X53: N/A-StillEmployed | Y53: Active | Z53: Production | AA53: Brannon Miller | AB53: 12 | AC53: Employee Referral | AD53: Exceeds | AE53: 4.1 | AF53: 4 | AG53: 0 | AH53: 43524 | AI53: 0 | AJ53: 5
A54: Cockel, James | B54: 10261 | C54: 0 | D54: 0 | E54: 1 | F54: 1 | G54: 5 | H54: 3 | I54: 0 | J54: 63108 | K54: 0 | L54: 19 | M54: Production Technician I | N54: MA | O54: 2452 | P54: 28376 | Q54: M | R54: Single | S54: US Citizen | T54: No | U54: White | V54: 41463 | X54: N/A-StillEmployed | Y54: Active | Z54: Production | AA54: David Stanley | AB54: 14 | AC54: Employee Referral | AD54: Fully Meets | AE54: 4.4 | AF54: 5 | AG54: 0 | AH54: 43479 | AI54: 0 | AJ54: 3
A55: Cole, Spencer | B55: 10292 | C55: 0 | D55: 0 | E55: 1 | F55: 4 | G55: 5 | H55: 2 | I55: 0 | J55: 59144 | K55: 1 | L55: 19 | M55: Production Technician I | N55: MA | O55: 1880 | P55: 29079 | Q55: M | R55: Single | S55: US Citizen | T55: No | U55: Black or African American | V55: 40735 | W55: 42636 | X55: performance | Y55: Terminated for Cause | Z55: Production | AA55: Kissy Sullivan | AB55: 20 | AC55: LinkedIn | AD55: Needs Improvement | AE55: 2 | AF55: 3 | AG55: 0 | AH55: 42491 | AI55: 5 | AJ55: 16
A56: Corleone, Michael | B56: 10282 | C56: 0 | D56: 2 | E56: 1 | F56: 1 | G56: 5 | H56: 2 | I56: 0 | J56: 68051 | K56: 0 | L56: 18 | M56: Production Manager | N56: MA | O56: 1803 | P56: 27745 | Q56: M | R56: Divorced | S56: US Citizen | T56: No | U56: White | V56: 40379 | X56: N/A-StillEmployed | Y56: Active | Z56: Production | AA56: Janet King | AB56: 2 | AC56: CareerBuilder | AD56: Needs Improvement | AE56: 4.13 | AF56: 2 | AG56: 0 | AH56: 43479 | AI56: 3 | AJ56: 3
A57: Corleone, Vito | B57: 10019 | C57: 0 | D57: 0 | E57: 1 | F57: 1 | G57: 5 | H57: 4 | I57: 0 | J57: 170500 | K57: 0 | L57: 10 | M57: Director of Operations | N57: MA | O57: 2030 | P57: 30394 | Q57: M | R57: Single | S57: US Citizen | T57: No | U57: Black or African American | V57: 39818 | X57: N/A-StillEmployed | Y57: Active | Z57: Production | AA57: Janet King | AB57: 2 | AC57: Indeed | AD57: Exceeds | AE57: 3.7 | AF57: 5 | AG57: 0 | AH57: 43500 | AI57: 0 | AJ57: 15
A58: Cornett, Lisa | B58: 10094 | C58: 1 | D58: 1 | E58: 0 | F58: 1 | G58: 5 | H58: 3 | I58: 0 | J58: 63381 | K58: 0 | L58: 19 | M58: Production Technician I | N58: MA | O58: 2189 | P58: 28215 | Q58: F | R58: Married | S58: US Citizen | T58: Yes | U58: White | V58: 42009 | X58: N/A-StillEmployed | Y58: Active | Z58: Production | AA58: Kelley Spirea | AB58: 18 | AC58: Indeed | AD58: Fully Meets | AE58: 4.73 | AF58: 5 | AG58: 0 | AH58: 43510 | AI58: 0 | AJ58: 6
A59: Costello, Frank | B59: 10193 | C59: 1 | D59: 1 | E59: 1 | F59: 1 | G59: 3 | H59: 3 | I59: 0 | J59: 83552 | K59: 0 | L59: 9 | M59: Data Analyst | N59: MA | O59: 1810 | P59: 31650 | Q59: M | R59: Married | S59: US Citizen | T59: No | U59: White | V59: 42093 | X59: N/A-StillEmployed | Y59: Active | Z59: IT/IS | AA59: Simon Roup | AB59: 4 | AC59: Indeed | AD59: Fully Meets | AE59: 3.04 | AF59: 3 | AG59: 6 | AH59: 43487 | AI59: 0 | AJ59: 2
A60: Crimmings, Jean | B60: 10132 | C60: 0 | D60: 0 | E60: 0 | F60: 2 | G60: 5 | H60: 3 | I60: 0 | J60: 56149 | K60: 0 | L60: 19 | M60: Production Technician I | N60: MA | O60: 1821 | P60: 31877 | Q60: F | R60: Single | S60: US Citizen | T60: No | U60: White | V60: 42557 | X60: N/A-StillEmployed | Y60: Active | Z60: Production | AA60: Michael Albert | AB60: 22 | AC60: LinkedIn | AD60: Fully Meets | AE60: 4.12 | AF60: 5 | AG60: 0 | AH60: 43493 | AI60: 0 | AJ60: 15
A61: Cross, Noah | B61: 10083 | C61: 0 | D61: 0 | E61: 1 | F61: 1 | G61: 3 | H61: 3 | I61: 0 | J61: 92329 | K61: 0 | L61: 28 | M61: Sr. Network Engineer | N61: CT | O61: 6278 | P61: 23994 | Q61: M | R61: Single | S61: US Citizen | T61: No | U61: White | V61: 41953 | X61: N/A-StillEmployed | Y61: Active | Z61: IT/IS | AA61: Peter Monroe | AB61: 7 | AC61: Employee Referral | AD61: Fully Meets | AE61: 5 | AF61: 3 | AG61: 4 | AH61: 43467 | AI61: 0 | AJ61: 5
A62: Daneault, Lynn | B62: 10099 | C62: 0 | D62: 0 | E62: 0 | F62: 1 | G62: 6 | H62: 3 | I62: 0 | J62: 65729 | K62: 0 | L62: 21 | M62: Sales Manager | N62: VT | O62: 5473 | P62: 32982 | Q62: F | R62: Single | S62: US Citizen | T62: No | U62: White | V62: 41764 | X62: N/A-StillEmployed | Y62: Active | Z62: Sales | AA62: Debra Houlihan | AB62: 15 | AC62: Indeed | AD62: Fully Meets | AE62: 4.62 | AF62: 4 | AG62: 0 | AH62: 43489 | AI62: 0 | AJ62: 8
A63: Daniele, Ann | B63: 10212 | C63: 1 | D63: 1 | E63: 0 | F63: 3 | G63: 3 | H63: 3 | I63: 0 | J63: 85028 | K63: 0 | L63: 28 | M63: Sr. Network Engineer | N63: CT | O63: 6033 | P63: 19011 | Q63: F | R63: Married | S63: US Citizen | T63: No | U63: White | V63: 41953 | X63: N/A-StillEmployed | Y63: Active | Z63: IT/IS | AA63: Peter Monroe | AB63: 7 | AC63: LinkedIn | AD63: Fully Meets | AE63: 3.1 | AF63: 5 | AG63: 8 | AH63: 43508 | AI63: 0 | AJ63: 19
A64: Darson, Jene'ya | B64: 10056 | C64: 1 | D64: 1 | E64: 0 | F64: 1 | G64: 5 | H64: 3 | I64: 0 | J64: 57583 | K64: 0 | L64: 19 | M64: Production Technician I | N64: MA | O64: 2110 | P64: 28799 | Q64: F | R64: Married | S64: US Citizen | T64: No | U64: White | V64: 41092 | X64: N/A-StillEmployed | Y64: Active | Z64: Production | AA64: Elijiah Gray | AB64: 16 | AC64: Indeed | AD64: Fully Meets | AE64: 5 | AF64: 3 | AG64: 0 | AH64: 43521 | AI64: 0 | AJ64: 1
A65: Davis, Daniel | B65: 10143 | C65: 0 | D65: 0 | E65: 1 | F65: 1 | G65: 5 | H65: 3 | I65: 0 | J65: 56294 | K65: 0 | L65: 20 | M65: Production Technician II | N65: MA | O65: 2458 | P65: 29112 | Q65: M | R65: Single | S65: Eligible NonCitizen | T65: No | U65: Two or more races | V65: 40854 | X65: N/A-StillEmployed | Y65: Active | Z65: Production | AA65: Kissy Sullivan | AB65: 20 | AC65: LinkedIn | AD65: Fully Meets | AE65: 3.96 | AF65: 4 | AG65: 0 | AH65: 43523 | AI65: 0 | AJ65: 6
A66: Dee, Randy | B66: 10311 | C66: 1 | D66: 1 | E66: 1 | F66: 1 | G66: 6 | H66: 1 | I66: 0 | J66: 56991 | K66: 0 | L66: 19 | M66: Production Technician I | N66: MA | O66: 2138 | P66: 32248 | Q66: M | R66: Married | S66: US Citizen | T66: No | U66: White | V66: 43290 | X66: N/A-StillEmployed | Y66: Active | Z66: Production | AA66: Brannon Miller | AB66: 12 | AC66: Indeed | AD66: Fully Meets | AE66: 4.3 | AF66: 4 | AG66: 3 | AH66: 43496 | AI66: 2 | AJ66: 2
A67: DeGweck, James | B67: 10070 | C67: 1 | D67: 1 | E67: 1 | F67: 5 | G67: 5 | H67: 3 | I67: 0 | J67: 55722 | K67: 1 | L67: 19 | M67: Production Technician I | N67: MA | O67: 1810 | P67: 28429 | Q67: M | R67: Married | S67: US Citizen | T67: No | U67: White | V67: 40679 | W67: 42529 | X67: unhappy | Y67: Voluntarily Terminated | Z67: Production | AA67: Webster Butler | AB67: 39 | AC67: Indeed | AD67: Fully Meets | AE67: 5 | AF67: 4 | AG67: 0 | AH67: 42462 | AI67: 0 | AJ67: 14
A68: Del Bosque, Keyla | B68: 10155 | C68: 0 | D68: 0 | E68: 0 | F68: 1 | G68: 4 | H68: 3 | I68: 0 | J68: 101199 | K68: 0 | L68: 24 | M68: Software Engineer | N68: MA | O68: 2176 | P68: 29041 | Q68: F | R68: Single | S68: US Citizen | T68: No | U68: Black or African American | V68: 40917 | X68: N/A-StillEmployed | Y68: Active | Z68: Software Engineering | AA68: Alex Sweetwater | AB68: 10 | AC68: CareerBuilder | AD68: Fully Meets | AE68: 3.79 | AF68: 5 | AG68: 5 | AH68: 43490 | AI68: 0 | AJ68: 8
A69: Delarge, Alex | B69: 10306 | C69: 0 | D69: 0 | E69: 1 | F69: 1 | G69: 6 | H69: 1 | I69: 0 | J69: 61568 | K69: 0 | L69: 3 | M69: Area Sales Manager | N69: AL | O69: 36006 | P69: 27700 | Q69: M | R69: Single | S69: US Citizen | T69: No | U69: Two or more races | V69: 41911 | X69: N/A-StillEmployed | Y69: Active | Z69: Sales | AA69: John Smith | AB69: 17 | AC69: Indeed | AD69: PIP | AE69: 1.93 | AF69: 3 | AG69: 0 | AH69: 43495 | AI69: 6 | AJ69: 5
A70: Demita, Carla | B70: 10100 | C70: 0 | D70: 3 | E70: 0 | F70: 5 | G70: 5 | H70: 3 | I70: 0 | J70: 58275 | K70: 1 | L70: 20 | M70: Production Technician II | N70: MA | O70: 2343 | P70: 18684 | Q70: F | R70: Separated | S70: US Citizen | T70: No | U70: Black or African American | V70: 40637 | W70: 42312 | X70: more money | Y70: Voluntarily Terminated | Z70: Production | AA70: Kelley Spirea | AB70: 18 | AC70: Google Search | AD70: Fully Meets | AE70: 4.62 | AF70: 5 | AG70: 0 | AH70: 42130 | AI70: 0 | AJ70: 1
A71: Desimone, Carl | B71: 10310 | C71: 1 | D71: 1 | E71: 1 | F71: 1 | G71: 5 | H71: 1 | I71: 0 | J71: 53189 | K71: 0 | L71: 19 | M71: Production Technician I | N71: MA | O71: 2061 | P71: 24581 | Q71: M | R71: Married | S71: US Citizen | T71: No | U71: White | V71: 41827 | X71: N/A-StillEmployed | Y71: Active | Z71: Production | AA71: Amy Dunn | AB71: 11 | AC71: Indeed | AD71: PIP | AE71: 1.12 | AF71: 2 | AG71: 0 | AH71: 43496 | AI71: 4 | AJ71: 9
A72: DeVito, Tommy | B72: 10197 | C72: 0 | D72: 0 | E72: 1 | F72: 1 | G72: 3 | H72: 3 | I72: 0 | J72: 96820 | K72: 0 | L72: 4 | M72: BI Developer | N72: MA | O72: 2045 | P72: 30563 | Q72: M | R72: Single | S72: US Citizen | T72: No | U72: White | V72: 42781 | X72: N/A-StillEmployed | Y72: Active | Z72: IT/IS | AA72: Brian Champaigne | AB72: 13 | AC72: Indeed | AD72: Fully Meets | AE72: 3.01 | AF72: 5 | AG72: 7 | AH72: 43488 | AI72: 0 | AJ72: 15
A73: Dickinson, Geoff | B73: 10276 | C73: 0 | D73: 0 | E73: 1 | F73: 1 | G73: 5 | H73: 3 | I73: 0 | J73: 51259 | K73: 0 | L73: 19 | M73: Production Technician I | N73: MA | O73: 2180 | P73: 30270 | Q73: M | R73: Single | S73: US Citizen | T73: No | U73: White | V73: 41771 | X73: N/A-StillEmployed | Y73: Active | Z73: Production | AA73: Ketsia Liebig | AB73: 19 | AC73: Indeed | AD73: Fully Meets | AE73: 4.3 | AF73: 4 | AG73: 0 | AH73: 43515 | AI73: 0 | AJ73: 1
A74: Dietrich, Jenna | B74: 10304 | C74: 0 | D74: 0 | E74: 0 | F74: 1 | G74: 6 | H74: 1 | I74: 0 | J74: 59231 | K74: 0 | L74: 3 | M74: Area Sales Manager | N74: WA | O74: 98052 | P74: 31911 | Q74: F | R74: Single | S74: US Citizen | T74: Yes | U74: White | V74: 40959 | X74: N/A-StillEmployed | Y74: Active | Z74: Sales | AA74: John Smith | AB74: 17 | AC74: Website | AD74: PIP | AE74: 2.3 | AF74: 1 | AG74: 0 | AH74: 43494 | AI74: 2 | AJ74: 17
A75: DiNocco, Lily | B75: 10284 | C75: 1 | D75: 1 | E75: 0 | F75: 1 | G75: 5 | H75: 2 | I75: 0 | J75: 61584 | K75: 0 | L75: 19 | M75: Production Technician I | N75: MA | O75: 2351 | P75: 28826 | Q75: F | R75: Married | S75: US Citizen | T75: No | U75: Black or African American | V75: 41281 | X75: N/A-StillEmployed | Y75: Active | Z75: Production | AA75: Brannon Miller | AB75: 12 | AC75: Indeed | AD75: Needs Improvement | AE75: 3.88 | AF75: 4 | AG75: 0 | AH75: 43483 | AI75: 0 | AJ75: 6
A76: Dobrin, Denisa S | B76: 10207 | C76: 0 | D76: 0 | E76: 0 | F76: 1 | G76: 5 | H76: 3 | I76: 0 | J76: 46335 | K76: 0 | L76: 19 | M76: Production Technician I | N76: MA | O76: 2125 | P76: 31692 | Q76: F | R76: Single | S76: US Citizen | T76: Yes | U76: White | V76: 41001 | X76: N/A-StillEmployed | Y76: Active | Z76: Production | AA76: David Stanley | AB76: 14 | AC76: CareerBuilder | AD76: Fully Meets | AE76: 3.4 | AF76: 5 | AG76: 0 | AH76: 43515 | AI76: 0 | AJ76: 15
A77: Dolan, Linda | B77: 10133 | C77: 1 | D77: 1 | E77: 0 | F77: 1 | G77: 3 | H77: 3 | I77: 0 | J77: 70621 | K77: 0 | L77: 14 | M77: IT Support | N77: MA | O77: 2119 | P77: 32342 | Q77: F | R77: Married | S77: US Citizen | T77: No | U77: White | V77: 42009 | X77: N/A-StillEmployed | Y77: Active | Z77: IT/IS | AA77: Peter Monroe | AB77: 7 | AC77: Employee Referral | AD77: Fully Meets | AE77: 4.11 | AF77: 4 | AG77: 6 | AH77: 43521 | AI77: 0 | AJ77: 16
A78: Dougall, Eric | B78: 10028 | C78: 0 | D78: 0 | E78: 1 | F78: 1 | G78: 3 | H78: 4 | I78: 0 | J78: 138888 | K78: 0 | L78: 13 | M78: IT Manager - Support | N78: MA | O78: 1886 | P78: 25758 | Q78: M | R78: Single | S78: US Citizen | T78: No | U78: Black or African American | V78: 41644 | X78: N/A-StillEmployed | Y78: Active | Z78: IT/IS | AA78: Jennifer Zamora | AB78: 5 | AC78: Indeed | AD78: Exceeds | AE78: 4.3 | AF78: 5 | AG78: 5 | AH78: 43469 | AI78: 0 | AJ78: 4
A79: Driver, Elle | B79: 10006 | C79: 0 | D79: 0 | E79: 0 | F79: 1 | G79: 6 | H79: 4 | I79: 0 | J79: 74241 | K79: 0 | L79: 3 | M79: Area Sales Manager | N79: CA | O79: 90007 | P79: 32455 | Q79: F | R79: Single | S79: US Citizen | T79: No | U79: White | V79: 40553 | X79: N/A-StillEmployed | Y79: Active | Z79: Sales | AA79: Lynn Daneault | AB79: 21 | AC79: Indeed | AD79: Exceeds | AE79: 4.77 | AF79: 5 | AG79: 0 | AH79: 43492 | AI79: 0 | AJ79: 14
A80: Dunn, Amy | B80: 10105 | C80: 0 | D80: 0 | E80: 0 | F80: 1 | G80: 5 | H80: 3 | I80: 0 | J80: 75188 | K80: 0 | L80: 18 | M80: Production Manager | N80: MA | O80: 1731 | P80: 26996 | Q80: F | R80: Single | S80: US Citizen | T80: No | U80: White | V80: 41900 | X80: N/A-StillEmployed | Y80: Active | Z80: Production | AA80: Janet King | AB80: 2 | AC80: Google Search | AD80: Fully Meets | AE80: 4.52 | AF80: 4 | AG80: 0 | AH80: 43480 | AI80: 0 | AJ80: 4
A81: Dunne, Amy | B81: 10211 | C81: 1 | D81: 1 | E81: 0 | F81: 1 | G81: 5 | H81: 3 | I81: 0 | J81: 62514 | K81: 0 | L81: 19 | M81: Production Technician I | N81: MA | O81: 1749 | P81: 26930 | Q81: F | R81: Married | S81: US Citizen | T81: No | U81: White | V81: 40294 | X81: N/A-StillEmployed | Y81: Active | Z81: Production | AA81: Ketsia Liebig | AB81: 19 | AC81: Google Search | AD81: Fully Meets | AE81: 2.9 | AF81: 3 | AG81: 0 | AH81: 43486 | AI81: 0 | AJ81: 6
A82: Eaton, Marianne | B82: 10064 | C82: 1 | D82: 1 | E82: 0 | F82: 5 | G82: 5 | H82: 3 | I82: 0 | J82: 60070 | K82: 1 | L82: 19 | M82: Production Technician I | N82: MA | O82: 2343 | P82: 33486 | Q82: F | R82: Married | S82: US Citizen | T82: No | U82: White | V82: 40637 | W82: 42892 | X82: military | Y82: Voluntarily Terminated | Z82: Production | AA82: Kissy Sullivan | AB82: 20 | AC82: Google Search | AD82: Fully Meets | AE82: 5 | AF82: 3 | AG82: 0 | AH82: 42834 | AI82: 0 | AJ82: 7
A83: Engdahl, Jean | B83: 10247 | C83: 0 | D83: 0 | E83: 1 | F83: 1 | G83: 5 | H83: 3 | I83: 0 | J83: 48888 | K83: 0 | L83: 19 | M83: Production Technician I | N83: MA | O83: 2026 | P83: 27180 | Q83: M | R83: Single | S83: US Citizen | T83: No | U83: White | V83: 41953 | X83: N/A-StillEmployed | Y83: Active | Z83: Production | AA83: Kelley Spirea | AB83: 18 | AC83: LinkedIn | AD83: Fully Meets | AE83: 4.7 | AF83: 5 | AG83: 0 | AH83: 43509 | AI83: 0 | AJ83: 8
A84: England, Rex | B84: 10235 | C84: 1 | D84: 1 | E84: 1 | F84: 1 | G84: 5 | H84: 3 | I84: 0 | J84: 54285 | K84: 0 | L84: 19 | M84: Production Technician I | N84: MA | O84: 2045 | P84: 28727 | Q84: M | R84: Married | S84: US Citizen | T84: No | U84: White | V84: 41729 | X84: N/A-StillEmployed | Y84: Active | Z84: Production | AA84: Kelley Spirea | AB84: 18 | AC84: Employee Referral | AD84: Fully Meets | AE84: 4.2 | AF84: 3 | AG84: 0 | AH84: 43476 | AI84: 0 | AJ84: 3
A85: Erilus, Angela | B85: 10299 | C85: 0 | D85: 3 | E85: 0 | F85: 1 | G85: 5 | H85: 1 | I85: 0 | J85: 56847 | K85: 0 | L85: 20 | M85: Production Technician II | N85: MA | O85: 2133 | P85: 32745 | Q85: F | R85: Separated | S85: US Citizen | T85: No | U85: White | V85: 41827 | X85: N/A-StillEmployed | Y85: Active | Z85: Production | AA85: Michael Albert | AB85: 22 | AC85: Indeed | AD85: PIP | AE85: 3 | AF85: 1 | AG85: 0 | AH85: 43521 | AI85: 2 | AJ85: 5
A86: Estremera, Miguel | B86: 10280 | C86: 0 | D86: 0 | E86: 1 | F86: 4 | G86: 5 | H86: 2 | I86: 0 | J86: 60340 | K86: 1 | L86: 19 | M86: Production Technician I | N86: MA | O86: 2129 | P86: 30561 | Q86: M | R86: Single | S86: US Citizen | T86: No | U86: White | V86: 41001 | W86: 43370 | X86: attendance | Y86: Terminated for Cause | Z86: Production | AA86: Michael Albert | AB86: 22 | AC86: Google Search | AD86: Needs Improvement | AE86: 5 | AF86: 4 | AG86: 0 | AH86: 43202 | AI86: 5 | AJ86: 16
A87: Evensen, April | B87: 10296 | C87: 0 | D87: 0 | E87: 0 | F87: 4 | G87: 5 | H87: 2 | I87: 0 | J87: 59124 | K87: 1 | L87: 19 | M87: Production Technician I | N87: MA | O87: 2458 | P87: 32634 | Q87: F | R87: Single | S87: US Citizen | T87: No | U87: White | V87: 41687 | W87: 43156 | X87: no-call, no-show | Y87: Terminated for Cause | Z87: Production | AA87: Elijiah Gray | AB87: 16 | AC87: Google Search | AD87: Needs Improvement | AE87: 2.3 | AF87: 3 | AG87: 0 | AH87: 42750 | AI87: 5 | AJ87: 19
A88: Exantus, Susan | B88: 10290 | C88: 1 | D88: 1 | E88: 0 | F88: 4 | G88: 4 | H88: 2 | I88: 0 | J88: 99280 | K88: 1 | L88: 24 | M88: Software Engineer | N88: MA | O88: 1749 | P88: 31912 | Q88: F | R88: Married | S88: US Citizen | T88: No | U88: Black or African American | V88: 40665 | W88: 41430 | X88: attendance | Y88: Terminated for Cause | Z88: Software Engineering | AA88: Alex Sweetwater | AB88: 10 | AC88: Indeed | AD88: Needs Improvement | AE88: 2.1 | AF88: 5 | AG88: 4 | AH88: 41131 | AI88: 4 | AJ88: 19
A89: Faller, Megan | B89: 10263 | C89: 1 | D89: 1 | E89: 0 | F89: 1 | G89: 5 | H89: 3 | I89: 0 | J89: 71776 | K89: 0 | L89: 20 | M89: Production Technician II | N89: MA | O89: 1824 | P89: 28755 | Q89: F | R89: Married | S89: US Citizen | T89: No | U89: Black or African American | V89: 41827 | X89: N/A-StillEmployed | Y89: Active | Z89: Production | AA89: Elijiah Gray | AB89: 16 | AC89: LinkedIn | AD89: Fully Meets | AE89: 4.4 | AF89: 5 | AG89: 0 | AH89: 43518 | AI89: 0 | AJ89: 17
A90: Fancett, Nicole | B90: 10136 | C90: 0 | D90: 0 | E90: 0 | F90: 1 | G90: 5 | H90: 3 | I90: 0 | J90: 65902 | K90: 0 | L90: 20 | M90: Production Technician II | N90: MA | O90: 2324 | P90: 32047 | Q90: F | R90: Single | S90: US Citizen | T90: No | U90: Black or African American | V90: 41687 | X90: N/A-StillEmployed | Y90: Active | Z90: Production | AA90: Webster Butler | AC90: LinkedIn | AD90: Fully Meets | AE90: 4 | AF90: 4 | AG90: 0 | AH90: 43472 | AI90: 0 | AJ90: 7
A91: Ferguson, Susan | B91: 10189 | C91: 1 | D91: 1 | E91: 0 | F91: 5 | G91: 5 | H91: 3 | I91: 0 | J91: 57748 | K91: 1 | L91: 19 | M91: Production Technician I | N91: MA | O91: 2176 | P91: 20193 | Q91: F | R91: Married | S91: US Citizen | T91: No | U91: White | V91: 40854 | W91: 42507 | X91: military | Y91: Voluntarily Terminated | Z91: Production | AA91: Webster Butler | AB91: 39 | AC91: Google Search | AD91: Fully Meets | AE91: 3.13 | AF91: 3 | AG91: 0 | AH91: 42404 | AI91: 0 | AJ91: 16
A92: Fernandes, Nilson | B92: 10308 | C92: 1 | D92: 1 | E92: 1 | F92: 1 | G92: 5 | H92: 1 | I92: 0 | J92: 64057 | K92: 0 | L92: 19 | M92: Production Technician I | N92: MA | O92: 2132 | P92: 32799 | Q92: M | R92: Married | S92: US Citizen | T92: No | U92: White | V92: 42135 | X92: N/A-StillEmployed | Y92: Active | Z92: Production | AA92: Amy Dunn | AB92: 11 | AC92: Indeed | AD92: PIP | AE92: 1.56 | AF92: 5 | AG92: 0 | AH92: 43468 | AI92: 6 | AJ92: 15
A93: Fett, Boba | B93: 10309 | C93: 0 | D93: 0 | E93: 1 | F93: 1 | G93: 3 | H93: 1 | I93: 0 | J93: 53366 | K93: 0 | L93: 15 | M93: Network Engineer | N93: MA | O93: 2138 | P93: 31946 | Q93: M | R93: Single | S93: US Citizen | T93: No | U93: White | V93: 42093 | X93: N/A-StillEmployed | Y93: Active | Z93: IT/IS | AA93: Peter Monroe | AB93: 7 | AC93: LinkedIn | AD93: PIP | AE93: 1.2 | AF93: 3 | AG93: 6 | AH93: 43500 | AI93: 3 | AJ93: 2
A94: Fidelia, Libby | B94: 10049 | C94: 1 | D94: 1 | E94: 0 | F94: 1 | G94: 5 | H94: 3 | I94: 0 | J94: 58530 | K94: 0 | L94: 19 | M94: Production Technician I | N94: MA | O94: 2155 | P94: 29661 | Q94: F | R94: Married | S94: US Citizen | T94: No | U94: White | V94: 40917 | X94: N/A-StillEmployed | Y94: Active | Z94: Production | AA94: Brannon Miller | AB94: 12 | AC94: Google Search | AD94: Fully Meets | AE94: 5 | AF94: 5 | AG94: 0 | AH94: 43494 | AI94: 0 | AJ94: 19
A95: Fitzpatrick, Michael J | B95: 10093 | C95: 0 | D95: 0 | E95: 1 | F95: 5 | G95: 5 | H95: 3 | I95: 0 | J95: 72609 | K95: 1 | L95: 20 | M95: Production Technician II | N95: MA | O95: 2143 | P95: 29860 | Q95: M | R95: Single | S95: US Citizen | T95: Yes | U95: White | V95: 40679 | W95: 41449 | X95: hours | Y95: Voluntarily Terminated | Z95: Production | AA95: Amy Dunn | AB95: 11 | AC95: Google Search | AD95: Fully Meets | AE95: 4.76 | AF95: 5 | AG95: 0 | AH95: 41369 | AI95: 0 | AJ95: 20
A96: Foreman, Tanya | B96: 10163 | C96: 1 | D96: 1 | E96: 0 | F96: 5 | G96: 5 | H96: 3 | I96: 0 | J96: 55965 | K96: 1 | L96: 20 | M96: Production Technician II | N96: MA | O96: 2170 | P96: 30628 | Q96: F | R96: Married | S96: US Citizen | T96: No | U96: White | V96: 40637 | W96: 41283 | X96: career change | Y96: Voluntarily Terminated | Z96: Production | AA96: Ketsia Liebig | AB96: 19 | AC96: Google Search | AD96: Fully Meets | AE96: 3.66 | AF96: 3 | AG96: 0 | AH96: 40915 | AI96: 0 | AJ96: 6
A97: Forrest, Alex | B97: 10305 | C97: 1 | D97: 1 | E97: 1 | F97: 1 | G97: 6 | H97: 3 | I97: 0 | J97: 70187 | K97: 1 | L97: 3 | M97: Area Sales Manager | N97: MA | O97: 2330 | P97: 27582 | Q97: M | R97: Married | S97: US Citizen | T97: No | U97: White | V97: 41911 | W97: 43331 | X97: Fatal attraction | Y97: Terminated for Cause | Z97: Sales | AA97: Lynn Daneault | AB97: 21 | AC97: Employee Referral | AD97: PIP | AE97: 2 | AF97: 5 | AG97: 0 | AH97: 43493 | AI97: 4 | AJ97: 7
A98: Foss, Jason | B98: 10015 | C98: 0 | D98: 0 | E98: 1 | F98: 1 | G98: 3 | H98: 4 | I98: 0 | J98: 178000 | K98: 0 | L98: 12 | M98: IT Director | N98: MA | O98: 1460 | P98: 29407 | Q98: M | R98: Single | S98: US Citizen | T98: No | U98: Black or African American | V98: 40648 | X98: N/A-StillEmployed | Y98: Active | Z98: IT/IS | AA98: Jennifer Zamora | AB98: 5 | AC98: Indeed | AD98: Exceeds | AE98: 5 | AF98: 5 | AG98: 5 | AH98: 43472 | AI98: 0 | AJ98: 15
A99: Foster-Baker, Amy | B99: 10080 | C99: 1 | D99: 1 | E99: 0 | F99: 1 | G99: 1 | H99: 3 | I99: 0 | J99: 99351 | K99: 0 | L99: 26 | M99: Sr. Accountant | N99: MA | O99: 2050 | P99: 28961 | Q99: F | R99: Married | S99: US Citizen | T99: no | U99: White | V99: 39818 | X99: N/A-StillEmployed | Y99: Active | Z99: Admin Offices | AA99: Board of Directors | AB99: 9 | AC99: Other | AD99: Fully Meets | AE99: 5 | AF99: 3 | AG99: 2 | AH99: 43504 | AI99: 0 | AJ99: 3
A100: Fraval, Maruk | B100: 10258 | C100: 0 | D100: 0 | E100: 1 | F100: 1 | G100: 6 | H100: 3 | I100: 0 | J100: 67251 | K100: 0 | L100: 3 | M100: Area Sales Manager | N100: CT | O100: 6050 | P100: 23251 | Q100: M | R100: Single | S100: US Citizen | T100: No | U100: Black or African American | V100: 40792 | X100: N/A-StillEmployed | Y100: Active | Z100: Sales | AA100: Lynn Daneault | AB100: 21 | AC100: CareerBuilder | AD100: Fully Meets | AE100: 4.3 | AF100: 3 | AG100: 0 | AH100: 43492 | AI100: 2 | AJ100: 7
...

Sheet Data Dictionary
A1: Data Dictionary | B1: https://rpubs.com/rhuebner/hrd_cb_v14
A2: Feature | B2: Description | C2: DataType
A3: Employee Name | B3: Employee’s full name | C3: Text
A4: EmpID | B4: Employee ID is unique to each employee | C4: Text
A5: MarriedID | B5: Is the person married (1 or 0 for yes or no) | C5: Binary
A6: MaritalStatusID | B6: Marital status code that matches the text field MaritalDesc | C6: Integer
A7: EmpStatusID | B7: Employment status code that matches text field EmploymentStatus | C7: Integer
A8: DeptID | B8: Department ID code that matches the department the employee works in | C8: Integer
A9: PerfScoreID | B9: Performance Score code that matches the employee’s most recent performance score | C9: Integer
A10: FromDiversityJobFairID | B10: Was the employee sourced from the Diversity job fair? 1 or 0 for yes or no | C10: Binary
A11: Salary | B11: The person’s yearly salary. $ U.S. Dollars | C11: Float
A12: Termd | B12: Has this employee been terminated - 1 or 0 | C12: Binary
A13: PositionID | B13: An integer indicating the person’s position | C13: Integer
... A37: Absences | B37: The number of times the employee was absent from work. | C37: Integer

Sheet Pivot Tables
A3: Row Labels | B3: Count of EmpID | C3: Sum of Termd | D3: Attr.Total | F3: Row Labels | G3: Count of EmpID | I3: Row Labels | J3: Count of EmpID | K3: Sum of Termd
A4: Production | B4: 209 | C4: 83 | D4: =GETPIVOTDATA("Sum of Termd",$A$3,"Department","Production ")/GETPIVOTDATA("Sum of Termd",$A$3) -> 0.79807692 | F4: N/A-StillEmployed | G4: 207 | I4: Amy Dunn | J4: 21 | K4: 13
A5: IT/IS | B5: 50 | C5: 10 | D5: =GETPIVOTDATA("Sum of Termd",$A$3,"Department","IT/IS")/GETPIVOTDATA("Sum of Termd",$A$3) -> 0.096153846 | F5: Another position | G5: 20 | I5: Webster Butler | J5: 21 | K5: 13
A6: Sales | B6: 31 | C6: 5 | D6: =GETPIVOTDATA("Sum of Termd",$A$3,"Department","Sales")/GETPIVOTDATA("Sum of Termd",$A$3) -> 0.048076923 | F6: unhappy | G6: 14 | I6: Kissy Sullivan | J6: 22 | K6: 12
A7: Software Engineering | B7: 11 | C7: 4 | D7: =GETPIVOTDATA("Sum of Termd",$A$3,"Department","Software Engineering")/GETPIVOTDATA("Sum of Termd",$A$3) -> 0.038461538 | F7: more money | G7: 11 | I7: Michael Albert | J7: 22 | K7: 9
A8: Admin Offices | B8: 9 | C8: 2 | D8: =GETPIVOTDATA("Sum of Termd",$A$3,"Department","Admin Offices")/GETPIVOTDATA("Sum of Termd",$A$3) -> 0.019230769 | F8: career change | G8: 9 | I8: Simon Roup | J8: 17 | K8: 8
A9: Executive Office | B9: 1 | C9: 0 | D9: =GETPIVOTDATA("Sum of Termd",$A$3,"Department","Executive Office")/GETPIVOTDATA("Sum of Termd",$A$3) -> 0 | F9: hours | G9: 8 | I9: Elijiah Gray | J9: 22 | K9: 8
A10: Grand Total | B10: 311 | C10: 104 | F10: attendance | G10: 7 | I10: David Stanley | J10: 21 | K10: 6
F11: relocation out of area | G11: 5 | I11: Kelley Spirea | J11: 22 | K11: 6
F12: return to school | G12: 5 | I12: Brannon Miller | J12: 22 | K12: 6
F13: retiring | G13: 4 | I13: Janet King | J13: 19 | K13: 6
F14: performance | G14: 4 | I14: Ketsia Liebig | J14: 21 | K14: 5
F15: no-call, no-show | G15: 4 | I15: Alex Sweetwater | J15: 9 | K15: 3
F16: military | G16: 4 | I16: John Smith | J16: 14 | K16: 3
F17: maternity leave - did not return | G17: 3 | I17: Brandon R. LeBlanc | J17: 7 | K17: 2
F18: medical issues | G18: 3 | I18: Peter Monroe | J18: 14 | K18: 1
F19: Learned that he is a gangster | G19: 1 | I19: Jennifer Zamora | J19: 7 | K19: 1
F20: Fatal attraction | G20: 1 | I20: Lynn Daneault | J20: 13 | K20: 1
F21: gross misconduct | G21: 1 | I21: Debra Houlihan | J21: 3 | K21: 1
F22: Grand Total | G22: 311 | I22: Brian Champaigne | J22: 8 | K22: 0
I23: Eric Dougall | J23: 4 | K23: 0
I24: Board of Directors | J24: 2 | K24: 0
I25: Grand Total | J25: 311 | K25: 104

Sheet Attrition Analysis
A1: Attrition Analysis -- Who is Leaving and Why?
A3: Attrition by Department | G3: Why Employees Leave | K3: Attrition by Manager (Top 8)
A4: Department | B4: Total Emp | C4: Terminated | D4: Active | E4: Attrition Rate | G4: Reason | H4: Count | I4: % Leave | K4: Manager | L4: Team Size | M4: Team Termd | N4: Attrition Rate
A5: =INDEX('Pivot Tables'!A4,1,1) -> Production | B5: =VLOOKUP(A5,'Pivot Tables'!$A$4:$C$9,2,FALSE) -> 209 | C5: =VLOOKUP(A5,'Pivot Tables'!$A$4:$C$9,3,FALSE) -> 83 | D5: =B5-C5 -> 126 | E5: =C5/B5 -> 0.39712919 | G5: =INDEX('Pivot Tables'!F5:F14,1,1) -> Another position | H5: =VLOOKUP(G5,'Pivot Tables'!F4:G21,2,FALSE) -> 20 | I5: =H5/Total_Terminations -> 0.19230769 | K5: =INDEX('Pivot Tables'!I4:I24,1,1) -> Amy Dunn | L5: =VLOOKUP(K5,'Pivot Tables'!$I$4:$K$24,2,FALSE) -> 21 | M5: =VLOOKUP('Attrition Analysis'!K5,'Pivot Tables'!$I$4:$K$24,3,FALSE) -> 13 | N5: =M5/L5 -> 0.61904762
A6: =INDEX('Pivot Tables'!A7,1,1) -> Software Engineering | B6: =VLOOKUP(A6,'Pivot Tables'!$A$4:$C$9,2,FALSE) -> 11 | C6: =VLOOKUP(A6,'Pivot Tables'!$A$4:$C$9,3,FALSE) -> 4 | D6: =B6-C6 -> 7 | E6: =C6/B6 -> 0.36363636 | G6: =INDEX('Pivot Tables'!F6:F15,1,1) -> unhappy | H6: =VLOOKUP(G6,'Pivot Tables'!F5:G22,2,FALSE) -> 14 | I6: =H6/Total_Terminations -> 0.13461538 | K6: =INDEX('Pivot Tables'!I6:I26,1,1) -> Kissy Sullivan | L6: =VLOOKUP(K6,'Pivot Tables'!$I$4:$K$24,2,FALSE) -> 22 | M6: =VLOOKUP('Attrition Analysis'!K6,'Pivot Tables'!$I$4:$K$24,3,FALSE) -> 12 | N6: =M6/L6 -> 0.54545455
A7: =INDEX('Pivot Tables'!A8,1,1) -> Admin Offices | B7: =VLOOKUP(A7,'Pivot Tables'!$A$4:$C$9,2,FALSE) -> 9 | C7: =VLOOKUP(A7,'Pivot Tables'!$A$4:$C$9,3,FALSE) -> 2 | D7: =B7-C7 -> 7 | E7: =C7/B7 -> 0.22222222 | G7: =INDEX('Pivot Tables'!F7:F16,1,1) -> more money | H7: =VLOOKUP(G7,'Pivot Tables'!F6:G23,2,FALSE) -> 11 | I7: =H7/Total_Terminations -> 0.10576923 | K7: =INDEX('Pivot Tables'!I8:I28,1,1) -> Simon Roup | L7: =VLOOKUP(K7,'Pivot Tables'!$I$4:$K$24,2,FALSE) -> 17 | M7: =VLOOKUP('Attrition Analysis'!K8,'Pivot Tables'!$I$4:$K$24,3,FALSE) -> 9 | N7: =M7/L7 -> 0.52941176
A8: =INDEX('Pivot Tables'!A5,1,1) -> IT/IS | B8: =VLOOKUP(A8,'Pivot Tables'!$A$4:$C$9,2,FALSE) -> 50 | C8: =VLOOKUP(A8,'Pivot Tables'!$A$4:$C$9,3,FALSE) -> 10 | D8: =B8-C8 -> 40 | E8: =C8/B8 -> 0.2 | G8: =INDEX('Pivot Tables'!F8:F17,1,1) -> career change | H8: =VLOOKUP(G8,'Pivot Tables'!F7:G24,2,FALSE) -> 9 | I8: =H8/Total_Terminations -> 0.086538462 | K8: =INDEX('Pivot Tables'!I7:I27,1,1) -> Michael Albert | L8: =VLOOKUP(K8,'Pivot Tables'!$I$4:$K$24,2,FALSE) -> 22 | M8: =VLOOKUP('Attrition Analysis'!K7,'Pivot Tables'!$I$4:$K$24,3,FALSE) -> 8 | N8: =M8/L8 -> 0.36363636
A9: =INDEX('Pivot Tables'!A6,1,1) -> Sales | B9: =VLOOKUP(A9,'Pivot Tables'!$A$4:$C$9,2,FALSE) -> 31 | C9: =VLOOKUP(A9,'Pivot Tables'!$A$4:$C$9,3,FALSE) -> 5 | D9: =B9-C9 -> 26 | E9: =C9/B9 -> 0.16129032 | G9: =INDEX('Pivot Tables'!F9:F18,1,1) -> hours | H9: =VLOOKUP(G9,'Pivot Tables'!F8:G25,2,FALSE) -> 8 | I9: =H9/Total_Terminations -> 0.076923077 | K9: =INDEX('Pivot Tables'!I9:I29,1,1) -> Elijiah Gray | L9: =VLOOKUP(K9,'Pivot Tables'!$I$4:$K$24,2,FALSE) -> 22 | M9: =VLOOKUP('Attrition Analysis'!K9,'Pivot Tables'!$I$4:$K$24,3,FALSE) -> 8 | N9: =M9/L9 -> 0.36363636
A10: =INDEX('Pivot Tables'!A9,1,1) -> Executive Office | B10: =VLOOKUP(A10,'Pivot Tables'!$A$4:$C$9,2,FALSE) -> 1 | C10: =VLOOKUP(A10,'Pivot Tables'!$A$4:$C$9,3,FALSE) -> 0 | D10: =B10-C10 -> 1 | E10: =C10/B10 -> 0 | G10: =INDEX('Pivot Tables'!F10:F19,1,1) -> attendance | H10: =VLOOKUP(G10,'Pivot Tables'!F9:G26,2,FALSE) -> 7 | I10: =H10/Total_Terminations -> 0.067307692 | K10: =INDEX('Pivot Tables'!I13:I33,1,1) -> Janet King | L10: =VLOOKUP(K10,'Pivot Tables'!$I$4:$K$24,2,FALSE) -> 19 | M10: =VLOOKUP('Attrition Analysis'!K13,'Pivot Tables'!$I$4:$K$24,3,FALSE) -> 6 | N10: =M10/L10 -> 0.31578947
A11: Total | B11: =SUM(B5:B10) -> 311 | C11: =SUM(C5:C10) -> 104 | D11: =SUM(D5:D10) -> 207 | G11: =INDEX('Pivot Tables'!F11:F20,1,1) -> relocation out of area | H11: =VLOOKUP(G11,'Pivot Tables'!F10:G27,2,FALSE) -> 5 | I11: =H11/Total_Terminations -> 0.048076923 | K11: =INDEX('Pivot Tables'!I10:I30,1,1) -> David Stanley | L11: =VLOOKUP(K11,'Pivot Tables'!$I$4:$K$24,2,FALSE) -> 21 | M11: =VLOOKUP('Attrition Analysis'!K10,'Pivot Tables'!$I$4:$K$24,3,FALSE) -> 6 | N11: =M11/L11 -> 0.28571429
G12: =INDEX('Pivot Tables'!F12:F21,1,1) -> return to school | H12: =VLOOKUP(G12,'Pivot Tables'!F11:G28,2,FALSE) -> 5 | I12: =H12/Total_Terminations -> 0.048076923 | K12: =INDEX('Pivot Tables'!I11:I31,1,1) -> Kelley Spirea | L12: =VLOOKUP(K12,'Pivot Tables'!$I$4:$K$24,2,FALSE) -> 22 | M12: =VLOOKUP('Attrition Analysis'!K11,'Pivot Tables'!$I$4:$K$24,3,FALSE) -> 6 | N12: =M12/L12 -> 0.27272727
G13: =INDEX('Pivot Tables'!F13:F22,1,1) -> retiring | H13: =VLOOKUP(G13,'Pivot Tables'!F12:G29,2,FALSE) -> 4 | I13: =H13/Total_Terminations -> 0.038461538 | K13: =INDEX('Pivot Tables'!I12:I32,1,1) -> Brannon Miller | L13: =VLOOKUP(K13,'Pivot Tables'!$I$4:$K$24,2,FALSE) -> 22 | M13: =VLOOKUP('Attrition Analysis'!K12,'Pivot Tables'!$I$4:$K$24,3,FALSE) -> 6 | N13: =M13/L13 -> 0.27272727
G14: =INDEX('Pivot Tables'!F14:F23,1,1) -> performance | H14: =VLOOKUP(G14,'Pivot Tables'!F13:G30,2,FALSE) -> 4 | I14: =H14/Total_Terminations -> 0.038461538
